City_ID,City,Lat,Lng,Max Temp,Humidity,Cloudiness,Wind Speed,Country,Date
0,iqaluit,63.7506,-68.5145,7.850000000000023,81,75,2.06,CA,1690392031
1,hoemul-li,41.4339,129.67,22.470000000000027,88,100,1.6,KP,1690392037
2,palikir - national government center,6.9248,158.1611,27.0,82,100,6.62,FM,1690392146
3,porto novo,6.4965,2.6036,26.890000000000043,77,67,4.52,BJ,1690392154
4,lebu,-37.6167,-73.65,10.04000000000002,76,100,2.45,CL,1690392156
5,bel ombre,-4.6167,55.4167,25.910000000000025,83,40,6.17,SC,1690392159
6,chicoana,-25.1009,-65.5331,20.03000000000003,31,1,1.63,AR,1690392159
7,port-aux-francais,-49.35,70.2167,5.300000000000011,85,93,19.42,TF,1690392160
8,puerto natales,-51.7236,-72.4875,2.400000000000034,82,45,2.19,CL,1690392160
9,waitangi,-43.9535,-176.5597,9.390000000000043,63,85,10.11,NZ,1690392160
10,ribeira grande,38.5167,-28.7,24.32000000000005,78,20,5.66,PT,1690392161
11,stanley,54.868,-1.6985,20.010000000000048,58,0,3.09,GB,1690392161
12,bethel,41.3712,-73.414,30.52000000000004,61,0,3.6,US,1690391947
13,jamestown,42.097,-79.2353,29.77000000000004,58,0,5.66,US,1690391900
14,edinburgh of the seven seas,-37.0676,-12.3116,10.310000000000002,51,88,8.38,SH,1690392161
15,gebeit,21.0667,36.3167,37.0,12,93,1.34,SD,1690392162
16,talnakh,69.4865,88.3972,20.670000000000016,58,65,1.54,RU,1690392162
17,kingston,17.997,-76.7936,32.910000000000025,63,20,3.6,JM,1690392027
18,adamstown,-25.066,-130.1015,19.52000000000004,74,60,8.6,PN,1690392162
19,beau vallon,-20.4189,57.6953,21.79000000000002,94,40,1.54,MU,1690391986
20,camayenne,9.535,-13.6878,30.05000000000001,70,40,6.17,GN,1690392162
21,college,64.8569,-147.8028,21.180000000000007,78,75,1.54,US,1690392163
22,hastings,50.8552,0.5729,18.220000000000027,30,99,5.52,GB,1690392163
23,queenstown,-31.8976,26.8753,15.57000000000005,43,7,2.52,ZA,1690392163
24,castillos,-34.1667,-53.8333,12.700000000000045,89,99,7.55,UY,1690392163
25,hilo,19.7297,-155.09,23.680000000000007,97,100,2.57,US,1690392158
26,lospalos,-8.5186,127.0025,18.670000000000016,94,63,1.86,TL,1690391998
27,bikenibeu village,1.3673,173.1241,26.49000000000001,79,99,1.25,KI,1690392164
28,muisne,0.6,-80.0333,27.430000000000007,74,80,3.89,EC,1690392164
29,puerto baquerizo moreno,-0.9,-89.6,27.55000000000001,74,20,4.63,EC,1690392160
30,thompson,55.7435,-97.8558,14.090000000000032,72,75,4.63,CA,1690392164
31,ishigaki,24.3448,124.1572,29.07000000000005,89,75,9.26,JP,1690392165
32,port elizabeth,-33.918,25.5701,15.160000000000025,77,0,2.06,ZA,1690391959
33,hamilton,39.1834,-84.5333,34.03000000000003,64,20,6.69,US,1690392165
34,sisimiut,66.9395,-53.6735,8.410000000000025,77,32,4.56,GL,1690392165
35,rongelap,11.1635,166.8941,28.05000000000001,80,100,7.51,MH,1690391934
36,betio village,1.358,172.9211,26.129999999999995,82,97,1.36,KI,1690392165
37,happy valley-goose bay,53.3168,-60.3315,26.170000000000016,47,40,4.63,CA,1690392166
38,bilibino,68.0546,166.4372,7.939999999999998,82,59,1.5,RU,1690392166
39,plesetsk,62.708,40.2916,16.110000000000014,76,97,2.01,RU,1690392166
40,daru,-9.0763,143.2092,24.650000000000034,86,91,6.3,PG,1690392103
41,sao vicente,-23.9631,-46.3919,32.10000000000002,45,0,3.13,BR,1690392166
42,georgetown,5.4112,100.3354,27.970000000000027,93,20,1.54,MY,1690392167
43,blackmans bay,-43.0167,147.3167,10.29000000000002,85,100,2.52,AU,1690391933
44,isafjordur,66.0755,-23.124,10.020000000000039,62,75,6.17,IS,1690392017
45,albany,42.6001,-73.9662,29.54000000000002,65,8,0.45,US,1690392074
46,papatowai,-46.5619,169.4708,4.900000000000034,94,100,11.81,NZ,1690392167
47,grytviken,-54.2811,-36.5092,-1.839999999999975,92,88,4.51,GS,1690392167
48,sinabang,2.4803,96.3801,26.890000000000043,81,81,1.6,ID,1690391940
49,qaqortoq,60.7167,-46.0333,6.890000000000043,83,99,1.73,GL,1690392168
50,pacific grove,36.6177,-121.9166,19.0,96,100,3.58,US,1690392168
51,benghazi,32.1167,20.0667,31.900000000000034,54,0,3.64,LY,1690392168
52,sansanne-mango,10.3592,0.4708,30.57000000000005,62,88,2.17,TG,1690392168
53,kone,-21.0595,164.8658,14.720000000000027,74,20,2.61,NC,1690392169
54,kodiak,57.79,-152.4072,12.730000000000018,94,100,0.0,US,1690392169
55,sur,22.5667,59.5289,29.850000000000023,69,98,6.0,OM,1690392169
56,lihue,21.9789,-159.3672,25.77000000000004,85,100,4.63,US,1690392009
57,borodino,55.9106,94.8983,14.939999999999998,95,64,2.88,RU,1690392169
58,anna regina,7.2644,-58.5077,29.660000000000025,65,11,3.74,GY,1690392169
59,narvik,68.4384,17.4272,22.430000000000007,69,68,2.81,NO,1690392169
60,dunedin,-45.8742,170.5036,7.670000000000016,60,72,2.68,NZ,1690392170
61,kasongo-lunda,-6.4667,16.8167,29.640000000000043,28,2,1.26,CD,1690392170
62,hawaiian paradise park,19.5933,-154.9731,23.28000000000003,97,100,2.57,US,1690391947
63,fort bragg,35.139,-79.006,35.670000000000016,51,0,2.57,US,1690391940
64,iskateley,67.6803,53.1512,18.79000000000002,76,100,1.3,RU,1690392170
65,ust-nera,64.5667,143.2,10.600000000000023,92,81,4.0,RU,1690392031
66,invercargill,-46.4,168.35,5.600000000000023,90,95,12.79,NZ,1690392171
67,fortuna,40.5982,-124.1573,18.29000000000002,86,40,1.54,US,1690391988
68,menongue,-14.6585,17.691,21.189999999999998,20,2,0.41,AO,1690392171
69,frontera,26.9333,-101.45,32.960000000000036,47,0,2.24,MX,1690392096
70,puerto ayora,-0.7393,-90.3518,29.980000000000018,88,39,4.02,EC,1690392171
71,papao,-17.75,-149.55,24.82000000000005,90,84,3.85,PF,1690392171
72,chaoyang,41.5703,120.4586,23.460000000000036,97,36,2.17,CN,1690392171
73,imbituba,-28.24,-48.6703,25.480000000000018,53,100,3.52,BR,1690392171
74,wailua homesteads,22.0669,-159.378,25.439999999999998,89,100,4.63,US,1690392172
75,taltal,-25.4,-70.4833,17.80000000000001,72,80,1.63,CL,1690392172
76,praia da vitoria,38.7333,-27.0667,25.420000000000016,78,20,2.7,PT,1690391989
77,masterton,-40.9597,175.6575,5.490000000000009,95,61,1.28,NZ,1690392172
78,salur,18.5333,83.2167,28.150000000000034,81,96,0.83,IN,1690392172
79,saint croix,17.7397,-64.7388,30.25,74,40,7.72,VI,1690392172
80,casilda,-33.0442,-61.1681,17.689999999999998,37,0,7.26,AR,1690392173
81,al ghayzah,16.2079,52.176,26.439999999999998,83,75,5.72,YE,1690392173
82,axim,4.8699,-2.2405,25.670000000000016,84,92,4.3,GH,1690392173
83,goba,7.0167,39.9833,11.260000000000048,92,56,2.18,ET,1690392173
84,pandan,14.0453,124.1694,27.74000000000001,80,100,6.32,PH,1690392173
85,whitehorse,60.7161,-135.0538,16.010000000000048,82,75,1.03,CA,1690391934
86,yellowknife,62.456,-114.3525,21.980000000000018,43,100,7.6,CA,1690391550
87,utrik,11.2278,169.8474,28.05000000000001,80,100,7.81,MH,1690391983
88,luanda,-8.8368,13.2343,23.0,78,20,5.66,AO,1690392174
89,emerald,-23.5333,148.1667,10.189999999999998,84,1,4.09,AU,1690392174
90,mount pearl,47.5166,-52.7813,29.689999999999998,47,75,5.66,CA,1690392174
91,vadso,70.0744,29.7487,10.490000000000009,93,100,2.06,NO,1690392175
92,saldanha,-33.0117,17.9442,12.03000000000003,88,15,1.25,ZA,1690392175
93,argo,37.6333,22.7333,33.77000000000004,17,5,3.63,GR,1690392175
94,qamdo,31.1667,97.2333,4.3700000000000045,86,74,2.42,CN,1690392175
95,vallenar,-28.5708,-70.7581,23.980000000000018,30,24,2.63,CL,1690392175
96,staryye ozinki,51.1786,49.6769,25.30000000000001,47,9,3.58,RU,1690392175
97,lusambo,-4.9667,23.45,28.840000000000032,23,37,0.97,CD,1690392176
98,atafu village,-8.5421,-172.5159,27.870000000000005,77,82,8.93,TK,1690392176
99,tomatlan,19.9333,-105.25,33.19,49,77,1.42,MX,1690392176
100,ilulissat,69.2167,-51.1,9.010000000000048,71,20,2.06,GL,1690391934
101,mejit,10.2753,170.8646,28.140000000000043,79,100,8.1,MH,1690392176
102,creswell,43.9179,-123.0245,21.310000000000002,68,0,1.73,US,1690392176
103,andergrove,-21.0833,149.1833,19.960000000000036,73,75,8.5,AU,1690392177
104,leava,-14.3,-178.1667,26.140000000000043,76,97,7.17,WF,1690392179
105,lydenburg,-25.0978,30.4597,10.5,66,0,0.92,ZA,1690392184
106,monchegorsk,67.9397,32.8739,13.200000000000045,90,100,1.63,RU,1690392185
107,fengxiang,47.5833,130.8333,21.99000000000001,79,100,2.62,CN,1690392185
108,puerto carreno,6.189,-67.4859,29.99000000000001,70,40,1.54,CO,1690392185
109,piranshahr,36.701,45.1413,23.82000000000005,47,81,0.76,IR,1690392185
110,bredasdorp,-34.5322,20.0403,10.460000000000036,86,88,2.52,ZA,1690392186
111,zarzir,32.7268,35.213,29.710000000000036,74,0,2.57,IL,1690392186
112,hermanus,-34.4187,19.2345,12.670000000000016,85,75,6.4,ZA,1690392186
113,san andres,12.5847,-81.7006,31.010000000000048,74,20,6.17,CO,1690392186
114,santa cruz,-17.8,-63.1667,20.700000000000045,56,75,6.69,BO,1690392186
115,tura,25.5198,90.2201,24.360000000000014,94,100,2.48,IN,1690391973
116,ushuaia,-54.8,-68.3,2.8100000000000023,52,20,2.06,AR,1690392187
117,longyearbyen,78.2186,15.6401,12.910000000000025,58,20,6.69,SJ,1690392088
118,olonkinbyen,70.9221,-8.7187,4.900000000000034,93,100,5.23,SJ,1690392187
119,bell ville,-32.6259,-62.6887,18.700000000000045,33,1,6.67,AR,1690392187
120,amble,55.3333,-1.5833,21.420000000000016,82,88,3.09,GB,1690392188
121,gao,16.6362,1.637,40.670000000000016,16,30,1.59,ML,1690392188
122,margaret river,-33.95,115.0667,12.430000000000007,80,100,10.12,AU,1690391988
123,murzuq,25.9155,13.9184,40.07000000000005,5,0,5.61,LY,1690392188
124,hinesville,31.8469,-81.5959,34.10000000000002,53,40,3.09,US,1690392188
125,velyka mykhaylivka,47.0794,29.8514,28.340000000000032,45,21,10.69,UA,1690392188
126,qahderijan,32.5767,51.455,32.53000000000003,9,5,6.46,IR,1690392189
127,dame-marie,18.5667,-74.4167,30.28000000000003,66,99,2.79,HT,1690392189
128,nova sintra,14.8667,-24.7167,23.140000000000043,84,100,4.06,CV,1690392189
129,necochea,-38.5473,-58.7368,11.439999999999998,75,22,9.56,AR,1690392190
130,curtici,46.35,21.3,22.230000000000018,57,20,5.14,RO,1690392191
131,faya-largeau,17.9257,19.1043,39.35000000000002,10,100,2.4,TD,1690392191
132,keflavik,64.0049,-22.5624,15.950000000000045,67,75,4.63,IS,1690391970
133,general jose de san martin,-26.5374,-59.3416,18.390000000000043,65,100,3.55,AR,1690392191
134,malanje,-9.5402,16.341,26.960000000000036,24,2,1.18,AO,1690392191
135,caleta de carquin,-11.0925,-77.6267,21.939999999999998,69,38,3.96,PE,1690392192
136,alofi,-19.0595,-169.9187,17.939999999999998,100,55,0.51,NU,1690392192
137,afaahiti,-17.75,-149.2833,23.930000000000007,89,75,4.58,PF,1690392192
138,tiksi,71.6872,128.8694,3.2200000000000273,91,46,1.64,RU,1690392046
139,west island,-12.1568,96.8225,24.99000000000001,83,75,9.26,CC,1690392192
140,acarau,-2.8856,-40.12,31.439999999999998,51,10,8.83,BR,1690392143
141,yeppoon,-23.1333,150.7333,14.879999999999995,81,57,5.61,AU,1690392193
142,chonchi,-42.6128,-73.8092,9.510000000000048,82,100,1.58,CL,1690391922
143,remire-montjoly,4.9167,-52.2667,26.02000000000004,94,75,3.09,GF,1690392193
144,minas de marcona,-15.2119,-75.1103,17.24000000000001,62,19,6.6,PE,1690392092
145,severo-yeniseyskiy,60.3725,93.0408,14.310000000000002,93,87,0.85,RU,1690392194
146,curillo,1.0333,-75.9191,32.710000000000036,49,46,0.58,CO,1690392194
147,san sebastian de mariquita,5.1989,-74.893,32.09000000000003,49,84,1.26,CO,1690391996
148,aasiaat,68.7098,-52.8699,3.6899999999999977,85,44,3.88,GL,1690392194
149,island harbour,50.724,-1.2758,16.930000000000007,90,100,2.68,GB,1690392194
150,tsiombe,-25.3,45.4833,18.420000000000016,56,3,5.77,MG,1690392194
151,hobyo,5.3505,48.5268,24.689999999999998,83,12,11.68,SO,1690392194
152,carnarvon,-24.8667,113.6333,16.430000000000007,58,56,7.56,AU,1690392180
153,brokopondo,4.75,-55.1667,29.32000000000005,67,4,1.0,SR,1690392198
154,nizhniy ingash,56.2,96.53,14.970000000000027,97,89,2.24,RU,1690392198
155,gazojak,41.1875,61.4036,34.60000000000002,23,85,11.72,TM,1690392199
156,at taj,24.2049,23.2857,35.30000000000001,10,2,4.39,LY,1690392199
157,plettenberg bay,-34.0527,23.3716,14.080000000000041,69,100,3.32,ZA,1690392199
158,port moresby,-9.4431,147.1797,23.680000000000007,88,75,2.57,PG,1690392199
159,altamont,42.2068,-121.7372,23.83000000000004,56,0,0.89,US,1690392024
160,guarapari,-20.6667,-40.4975,24.939999999999998,72,44,6.59,BR,1690392201
161,colares,38.7992,-9.4469,28.82000000000005,61,20,7.72,PT,1690392201
162,port douglas,-16.4833,145.4667,21.99000000000001,81,89,8.22,AU,1690392182
163,itaituba,-4.2761,-55.9836,36.09000000000003,41,20,1.54,BR,1690392201
164,jose panganiban,14.2906,122.6917,25.760000000000048,93,100,5.33,PH,1690392201
165,visby,57.6409,18.296,19.460000000000036,52,0,6.69,SE,1690392201
166,mukalla,14.5425,49.1242,33.129999999999995,49,11,5.58,YE,1690392201
167,vilyuysk,63.7553,121.6247,12.640000000000043,59,100,2.24,RU,1690392202
168,walvis bay,-22.9575,14.5053,15.53000000000003,63,0,5.66,NA,1690392202
169,mitsamiouli,-11.3847,43.2844,25.24000000000001,78,6,6.25,KM,1690392202
170,najaf,31.9985,44.3398,41.879999999999995,12,0,3.6,IQ,1690392202
171,yuzhno-kurilsk,44.0306,145.8556,17.480000000000018,96,46,1.06,RU,1690392203
172,eldorado at santa fe,35.5264,-105.9347,33.670000000000016,19,0,0.89,US,1690392203
173,fale old settlement,-9.3852,-171.2468,28.30000000000001,73,64,8.63,TK,1690392203
174,rampachodavaram,17.45,81.7667,25.950000000000045,98,100,3.06,IN,1690392203
175,martapura,-3.4167,114.85,24.05000000000001,100,59,1.03,ID,1690392203
176,keningau,5.3378,116.1602,22.480000000000018,95,94,0.45,MY,1690392204
177,adrar,20.5022,-10.0711,44.76000000000005,8,23,7.16,MR,1690392204
178,xining,36.6167,101.7667,13.5,94,100,1.46,CN,1690392204
179,inhambane,-23.865,35.3833,19.99000000000001,68,75,2.06,MZ,1690392204
180,ntoum,0.3833,9.7833,25.870000000000005,68,87,3.28,GA,1690392204
181,sandnessjoen,66.0217,12.6316,20.29000000000002,68,40,4.63,NO,1690392205
182,tlahualilo de zaragoza,26.1167,-103.45,31.600000000000023,30,6,3.89,MX,1690392205
183,kurkino,53.4257,38.6582,25.29000000000002,62,62,6.14,RU,1690392205
184,gardnerville ranchos,38.8882,-119.7413,29.05000000000001,19,0,0.45,US,1690392205
185,kropp,54.4167,9.5167,18.410000000000025,75,75,7.2,DE,1690392205
186,ballina,-28.8667,153.5667,10.430000000000007,73,18,1.47,AU,1690392205
187,conceicao do araguaia,-8.2578,-49.2647,37.129999999999995,19,9,2.65,BR,1690392143
188,paraiso,9.8383,-83.8656,25.480000000000018,71,79,2.46,CR,1690392206
189,huron,41.1501,-82.5499,31.49000000000001,70,22,7.04,US,1690392127
190,enewetak,11.3474,162.3373,28.189999999999998,76,95,7.46,MH,1690391993
191,tazovsky,67.4667,78.7,17.640000000000043,73,53,4.05,RU,1690392206
192,yauya,-8.9833,-77.3,17.660000000000025,29,22,1.78,PE,1690392207
193,luderitz,-26.6481,15.1594,14.129999999999995,67,0,6.58,NA,1690392207
194,punta arenas,-53.15,-70.9167,2.580000000000041,68,43,6.81,CL,1690392207
195,cole harbour,44.6724,-63.4751,28.99000000000001,57,20,5.66,CA,1690392207
196,buala,-8.145,159.5921,26.27000000000004,85,100,2.16,SB,1690392207
197,troitsko-pechorsk,62.7084,56.1964,16.53000000000003,70,16,2.17,RU,1690392207
198,freetown,8.484,-13.2299,26.05000000000001,85,100,3.73,SL,1690392209
199,cherdyn',60.403,56.4787,17.010000000000048,73,93,1.97,RU,1690392209
200,nagqu,31.5,92.0,6.1200000000000045,81,100,1.53,CN,1690392209
201,puerto aysen,-45.4,-72.7,4.020000000000039,93,40,0.0,CL,1690392209
202,udachny,66.4167,112.4,16.920000000000016,72,95,2.34,RU,1690391933
203,lorengau,-2.0226,147.2712,28.30000000000001,76,57,6.11,PG,1690392210
204,mokhsogollokh,61.4681,128.9203,11.910000000000025,66,78,1.67,RU,1690392210
205,port mathurin,-19.6833,63.4167,23.74000000000001,80,8,6.21,MU,1690392211
206,lompoc,34.6391,-120.4579,27.08000000000004,94,75,3.09,US,1690392211
207,constantia,44.1833,28.65,27.610000000000014,64,29,3.12,RO,1690391958
208,kemijarvi,66.7131,27.4306,17.230000000000018,79,38,1.4,FI,1690392211
209,okhotsk,59.3833,143.3,13.900000000000034,96,82,2.25,RU,1690392211
210,thaba-tseka,-29.522,28.6084,9.260000000000048,49,0,2.94,LS,1690392212
211,vorgashor,67.5833,63.95,15.650000000000034,80,99,3.27,RU,1690391941
212,sitka,57.0531,-135.33,13.939999999999998,94,100,1.54,US,1690392142
213,suva,-18.1416,178.4415,19.710000000000036,100,75,1.54,FJ,1690392213
214,cockburn town,21.4612,-71.1419,30.980000000000018,66,40,6.17,TC,1690392035
215,torit,4.4133,32.5678,22.27000000000004,89,77,0.74,SS,1690392202
216,oranjemund,-28.55,16.4333,13.370000000000005,76,1,2.27,NA,1690392214
217,mutoko,-17.397,32.2268,11.220000000000027,88,87,2.16,ZW,1690392214
218,bandarbeyla,9.4942,50.8122,23.939999999999998,83,10,14.5,SO,1690392219
219,hithadhoo,-0.6,73.0833,28.480000000000018,78,47,6.89,MV,1690392089
220,pangoa,-12.1167,-73.0,29.58000000000004,44,55,1.97,PE,1690392219
221,nemuro,43.3236,145.575,16.260000000000048,99,72,0.32,JP,1690392219
222,ancud,-41.8697,-73.8203,8.760000000000048,81,100,2.5,CL,1690391926
223,kayangel,8.0823,134.7173,27.75,75,100,9.75,PW,1690392219
224,opuwo,-18.0607,13.84,22.310000000000002,21,0,1.44,NA,1690392220
225,leua,48.2156,18.6071,18.610000000000014,60,61,5.19,SK,1690392220
226,mhangura,-16.8939,30.1683,17.54000000000002,53,61,3.07,ZW,1690392220
227,nelson bay,-32.7167,152.15,12.220000000000027,97,0,1.79,AU,1690392220
228,ascension,30.2169,-90.9001,34.48000000000002,48,40,2.57,US,1690392220
229,lisala,2.15,21.5167,24.890000000000043,75,100,0.07,CD,1690392220
230,sabang,5.8933,95.3214,28.210000000000036,81,100,9.05,ID,1690391948
231,viqueque,-8.8673,126.3658,21.980000000000018,85,93,1.67,TL,1690392221
232,box elder,41.5005,-112.8764,28.480000000000018,50,95,2.47,US,1690392221
233,isangel,-19.55,169.2667,19.32000000000005,78,58,6.91,VU,1690392221
234,cody,44.5263,-109.0565,28.680000000000007,27,0,4.12,US,1690392221
235,teguise,29.0605,-13.564,25.120000000000005,50,20,9.26,ES,1690392221
236,klyuchi,52.2667,79.1667,22.370000000000005,38,82,2.7,RU,1690392221
237,antofagasta,-23.65,-70.4,18.600000000000023,69,40,4.02,CL,1690392159
238,bintulu,3.1667,113.0333,26.730000000000018,86,88,1.94,MY,1690392222
239,shache,38.4167,77.2406,31.510000000000048,23,30,2.61,CN,1690392222
240,taishan,22.2514,112.7799,28.860000000000014,74,73,1.29,CN,1690392222
241,nabire,-3.3667,135.4833,24.439999999999998,92,97,1.7,ID,1690392222
242,hailar,49.2,119.7,17.420000000000016,86,98,6.47,CN,1690392222
243,ruteng,-8.6136,120.4721,14.57000000000005,94,92,1.55,ID,1690392222
244,vasarosnameny,48.1333,22.3167,15.200000000000045,85,98,9.46,HU,1690392223
245,gamba,-2.65,10.0,22.910000000000025,84,59,3.78,GA,1690392223
246,matoury,4.8483,-52.3317,25.980000000000018,94,75,3.09,GF,1690392223
247,an nuhud,12.7,28.4333,26.230000000000018,63,100,6.02,SD,1690392223
248,bonthe,7.5264,-12.505,26.25,85,96,4.73,SL,1690392174
249,cabo san lucas,22.8909,-109.9124,32.610000000000014,63,40,2.24,MX,1690392223
250,anqing,30.5092,117.0506,26.370000000000005,89,54,1.83,CN,1690392224
251,wewak,-3.5534,143.6268,26.05000000000001,86,61,3.58,PG,1690392224
252,colonia,50.9333,6.95,22.75,47,0,6.69,DE,1690391977
253,laguna,38.421,-121.4238,31.650000000000034,53,0,5.14,US,1690392224
254,tambopata,-12.7333,-69.1833,27.939999999999998,78,75,1.54,PE,1690392224
255,sao joao da barra,-21.6403,-41.0511,26.05000000000001,75,86,8.08,BR,1690391980
256,oyama,36.3,139.8,27.420000000000016,60,21,1.45,JP,1690392225
257,rapla,59.0072,24.7928,17.840000000000032,84,100,3.76,EE,1690392225
258,polyarnyy,69.1989,33.4478,11.140000000000043,92,99,2.26,RU,1690392225
259,malaga,36.7202,-4.4203,31.77000000000004,62,0,3.6,ES,1690392062
260,champerico,14.3,-91.9167,30.420000000000016,63,9,2.07,GT,1690391998
261,vilyuchinsk,52.9306,158.4028,12.150000000000034,85,80,0.86,RU,1690391973
262,west melbourne,28.0717,-80.6534,33.900000000000034,71,0,4.63,US,1690392226
263,cinisi,38.1562,13.1073,28.629999999999995,53,0,4.12,IT,1690392226
264,port lincoln,-34.7333,135.8667,12.240000000000009,56,0,4.88,AU,1690392226
265,yichun,47.7,128.9,18.760000000000048,98,82,1.58,CN,1690392226
266,guerrero negro,27.9769,-114.0611,25.57000000000005,52,7,2.92,MX,1690392227
267,levuka,50.1834,-105.4011,27.850000000000023,18,20,10.29,CA,1690392227
268,inarajan village,13.2736,144.7484,27.54000000000002,96,100,9.97,GU,1690392227
269,suwayr,30.1171,40.3893,38.52000000000004,10,26,2.85,SA,1690392227
270,vakarai,55.6035,23.8213,20.29000000000002,53,94,3.37,LT,1690392227
271,badger,64.8,-147.5333,21.140000000000043,78,75,1.54,US,1690392227
272,antalya,36.7741,30.7178,32.33000000000004,53,0,5.14,TR,1690391595
273,edeia,-17.3383,-49.9314,32.650000000000034,19,0,0.56,BR,1690392228
274,weno,7.4515,151.8468,26.970000000000027,89,100,5.14,FM,1690392070
275,uturoa,-16.7333,-151.4333,25.590000000000032,85,38,5.1,PF,1690392228
276,melfi,40.9965,15.6514,25.310000000000002,45,84,5.81,IT,1690392228
277,mugia,43.1041,-9.2179,26.620000000000005,78,5,6.55,ES,1690392228
278,enshi,30.3,109.4833,23.110000000000014,97,100,0.39,CN,1690392228
279,galesong,-5.3166,119.3661,23.010000000000048,80,7,2.84,ID,1690392229
280,pak phanang,8.3511,100.202,26.80000000000001,78,93,2.72,TH,1690392229
281,haiku-pauwela,20.9219,-156.3051,24.590000000000032,80,40,7.2,US,1690391980
282,yangambi,0.8102,24.4336,23.170000000000016,93,100,1.45,CD,1690392229
283,robertsport,6.7533,-11.3686,26.010000000000048,84,79,4.8,LR,1690392229
284,ta`u,-14.2336,-169.5144,25.189999999999998,75,79,5.99,AS,1690392229
285,saipan,15.1355,145.701,27.58000000000004,100,40,7.2,MP,1690392229
286,fada,9.5667,8.3,25.510000000000048,81,73,1.85,NG,1690392113
287,kailua-kona,19.6406,-155.9956,25.980000000000018,85,40,2.57,US,1690392230
288,howrah,22.5892,88.3103,28.0,89,40,2.06,IN,1690391851
289,nyurba,63.2842,118.3319,16.460000000000036,61,96,2.18,RU,1690392230
290,st. john's,47.5649,-52.7093,30.150000000000034,48,75,5.66,CA,1690392180
291,salekhard,66.53,66.6019,16.75,95,100,4.18,RU,1690392231
292,closepet,12.7167,77.3,22.170000000000016,88,100,7.37,IN,1690392231
293,margate,51.3813,1.3862,18.260000000000048,64,100,3.58,GB,1690392231
294,kuta,-8.7233,115.1723,25.0,83,20,2.68,ID,1690392232
295,kerikeri,-35.2268,173.9474,9.620000000000005,80,51,2.84,NZ,1690392232
296,aketi,2.7388,23.7833,23.49000000000001,88,92,1.29,CD,1690392232
297,pangai,-19.8,-174.35,21.060000000000002,78,75,1.03,TO,1690392233
298,marvejols,44.5538,3.2914,21.140000000000043,50,22,4.77,FR,1690392233
299,agat village,13.3886,144.6585,27.52000000000004,96,100,7.2,GU,1690392233
300,amalapuram,16.5833,82.0167,24.77000000000004,92,100,5.44,IN,1690392233
301,zaozersk,69.4005,32.4476,11.910000000000025,86,94,2.17,RU,1690392233
302,kidal,18.4411,1.4078,39.75,18,52,6.24,ML,1690392234
303,greenville,35.6127,-77.3663,33.97000000000003,55,0,0.0,US,1690392234
304,monduli,-3.3,36.45,17.850000000000023,48,62,4.5,TZ,1690392234
305,thinadhoo,0.5333,72.9333,28.55000000000001,79,53,6.69,MV,1690392234
306,niafunke,15.9322,-3.9906,39.49000000000001,23,58,3.47,ML,1690392234
307,geraldton,-28.7667,114.6,12.230000000000018,82,40,4.63,AU,1690391957
308,duong dong,10.2167,103.9667,28.0,83,40,5.14,VN,1690392235
309,dennery,13.8996,-60.8879,32.07000000000005,78,75,8.23,LC,1690392235
310,selfoss,63.9331,-20.9971,17.25,65,94,3.32,IS,1690391948
311,la ronge,55.1001,-105.2842,16.140000000000043,77,100,5.66,CA,1690392235
312,siocon,7.7061,122.1353,25.77000000000004,91,97,2.5,PH,1690392235
313,vila velha,-20.3297,-40.2925,25.970000000000027,73,40,5.66,BR,1690392235
314,macapa,0.0389,-51.0664,30.99000000000001,70,75,4.63,BR,1690392236
315,kanth,29.0667,78.6333,26.900000000000034,83,100,1.48,IN,1690392236
316,port saint john's,-31.6229,29.5448,19.5,60,0,3.73,ZA,1690392236
317,dudinka,69.4058,86.1778,20.900000000000034,70,0,3.73,RU,1690392236
318,revda,56.801,59.9303,15.160000000000025,93,98,1.7,RU,1690392236
319,itaborai,-22.7444,-42.8594,27.78000000000003,62,88,2.14,BR,1690392237
320,holualoa,19.6228,-155.9522,23.910000000000025,85,40,2.57,US,1690392237
321,karliova,39.2983,41.0142,22.680000000000007,36,79,1.81,TR,1690392237
322,east london,-33.0153,27.9116,17.52000000000004,72,0,1.54,ZA,1690392237
323,saint-georges,12.0564,-61.7485,30.82000000000005,74,20,9.26,GD,1690392182
324,berlin,52.5244,13.4105,20.650000000000034,57,0,4.47,DE,1690392237
325,gelemso,8.8167,40.5167,18.75,74,36,5.15,ET,1690392237
326,punta del este,-34.9667,-54.95,13.060000000000002,87,100,9.83,UY,1690392125
327,ostersund,63.1792,14.6357,15.900000000000034,35,100,1.03,SE,1690392238
328,saint-joseph,-21.3667,55.6167,20.210000000000036,82,37,3.9,RE,1690392238
329,vernon,50.2581,-119.2691,22.180000000000007,43,6,1.34,CA,1690392238
330,la passe,45.5549,-0.8967,24.129999999999995,65,38,5.2,FR,1690392239
331,taulaga,-11.0553,-171.0883,27.710000000000036,69,83,7.59,AS,1690392239
332,edgewater,28.9889,-80.9023,35.06,77,72,0.45,US,1690392239
333,nguigmi,14.2495,13.1092,35.19,37,87,3.64,NE,1690392239
334,mpulungu,-8.7623,31.1141,24.060000000000002,39,4,2.22,ZM,1690392240
335,siwa oasis,29.2041,25.5195,38.160000000000025,13,0,3.69,EG,1690392240
336,suksun,57.1431,57.3949,17.0,80,62,1.43,RU,1690392240
337,lower hutt,-41.2167,174.9167,9.060000000000002,86,95,7.72,NZ,1690392240
338,abomsa,9.9833,39.9833,29.060000000000002,37,68,0.47,ET,1690392240
339,sungai penuh,-2.0833,101.3833,18.660000000000025,96,95,0.43,ID,1690392241
340,canon city,38.441,-105.2424,35.10000000000002,20,0,4.12,US,1690392241
341,quibala,-10.7337,14.98,24.370000000000005,40,3,3.29,AO,1690392241
342,gdov,58.7406,27.8122,18.189999999999998,83,100,5.36,RU,1690392241
343,mulayjah,27.271,48.4242,37.28000000000003,16,71,4.26,SA,1690392241
344,tralee,52.2704,-9.7026,18.140000000000043,94,100,8.23,IE,1690392241
345,batarasa,8.6617,117.6222,26.629999999999995,85,100,3.82,PH,1690392209
346,halifax,44.6453,-63.5724,29.27000000000004,59,20,5.66,CA,1690392051
347,mbandaka,0.0487,18.2603,25.640000000000043,72,83,1.6,CD,1690392242
348,coyhaique,-45.5752,-72.0662,3.9700000000000273,81,0,1.03,CL,1690392242
349,arvi,20.9833,78.2333,27.53000000000003,87,100,3.61,IN,1690392242
350,leh,34.1667,77.5833,20.390000000000043,39,49,2.35,IN,1690392242
351,ormara,25.2088,64.6357,28.54000000000002,87,100,2.93,PK,1690392242
352,guasdualito,7.2424,-70.7324,31.0,62,40,2.06,VE,1690392243
353,kupang,-10.1667,123.5833,22.420000000000016,76,9,4.8,ID,1690392182
354,yorkton,51.2167,-102.4677,26.910000000000025,54,20,6.17,CA,1690392243
355,lazaro cardenas,17.9583,-102.2,31.970000000000027,52,35,1.8,MX,1690392166
356,majuro,7.0897,171.3803,27.54000000000002,78,100,4.68,MH,1690392243
357,port alfred,-33.5906,26.891,16.77000000000004,64,39,0.45,ZA,1690392243
358,san patricio,28.017,-97.5169,36.97000000000003,38,0,4.82,US,1690391978
359,kikwit,-5.041,18.8162,31.79000000000002,24,3,0.68,CD,1690392244
360,arkadak,51.9326,43.4978,23.120000000000005,63,9,3.64,RU,1690392244
361,birao,10.2849,22.7882,22.430000000000007,94,100,0.59,CF,1690392244
362,san julian,21.0167,-102.1667,20.910000000000025,59,61,3.31,MX,1690392244
363,ad dabbah,18.05,30.95,38.39000000000004,24,98,6.66,SD,1690392244
364,wajir,1.7471,40.0573,30.08000000000004,33,47,7.91,KE,1690392244
365,anadyr,64.75,177.4833,10.28000000000003,93,75,3.0,RU,1690391962
366,arraial do cabo,-22.9661,-42.0278,22.920000000000016,88,100,6.17,BR,1690392013
367,al jawf,29.5,38.75,35.27000000000004,13,59,6.08,SA,1690392246
368,sinop,41.7711,34.8709,23.340000000000032,50,0,3.29,TR,1690392246
369,petropavlovsk-kamchatsky,53.0452,158.6483,11.330000000000041,100,20,1.0,RU,1690392201
370,namibe,-15.1961,12.1522,17.77000000000004,83,22,3.2,AO,1690392031
371,phongsali,21.6833,102.1058,19.810000000000002,78,76,0.81,LA,1690392038
372,rakops,-21.0167,24.3333,20.77000000000004,31,0,4.05,BW,1690392247
373,lebyazh'ye,55.2689,66.4947,20.58000000000004,58,89,2.12,RU,1690392247
374,fort st. john,56.2499,-120.8529,12.939999999999998,94,100,5.14,CA,1690392248
375,aswan,24.0934,32.907,39.610000000000014,19,0,6.17,EG,1690392248
376,vung tau,10.346,107.0843,26.610000000000014,88,98,6.8,VN,1690392248
377,bardai,11.65,7.2333,31.710000000000036,44,47,2.99,NG,1690392248
378,kankanhalli,12.55,77.4167,21.370000000000005,88,100,7.23,IN,1690392248
379,peshtera,42.0333,24.3,34.44,34,38,3.1,BG,1690392249
380,nadi,-17.8,177.4167,20.0,94,75,2.57,FJ,1690392249
381,jodhpur,26.2867,73.03,32.410000000000025,61,99,2.22,IN,1690392249
382,rio verde,21.9333,-99.9833,25.53000000000003,51,100,1.53,MX,1690392249
383,tres arroyos,-38.3739,-60.2798,8.150000000000034,73,60,8.33,AR,1690392250
384,margherita,27.2833,95.6833,25.25,94,48,0.86,IN,1690392250
385,buka,40.8108,69.1986,31.150000000000034,12,1,1.63,UZ,1690392250
386,bodaybo,57.8506,114.1933,17.99000000000001,85,5,0.73,RU,1690392250
387,kapuskasing,49.4169,-82.4331,21.05000000000001,68,100,2.57,CA,1690391960
388,puerto madryn,-42.7692,-65.0385,6.110000000000014,55,51,6.03,AR,1690391980
389,new norfolk,-42.7826,147.0587,10.950000000000045,93,100,1.44,AU,1690392251
390,korhogo,9.45,-5.6333,28.870000000000005,63,90,2.31,CI,1690392251
391,songea,-10.6833,35.65,16.129999999999995,48,10,1.75,TZ,1690392251
392,akureyri,65.6835,-18.0878,11.960000000000036,71,75,3.6,IS,1690392251
393,el bolson,-41.9667,-71.5167,4.960000000000036,94,100,1.29,AR,1690392251
394,kavaratti,10.5669,72.642,28.28000000000003,77,100,6.53,IN,1690391998
395,lerwick,60.1545,-1.1494,13.0,74,72,4.55,GB,1690391995
396,zuni pueblo,35.0725,-108.8506,32.35000000000002,20,14,2.25,US,1690392252
397,kampot,10.6167,104.1833,28.03000000000003,87,87,4.37,KH,1690392252
398,prince rupert,54.3161,-130.3201,15.050000000000011,92,100,1.54,CA,1690392253
399,bamboo flat,11.7,92.7167,28.05000000000001,89,40,2.57,IN,1690392253
400,ighram,36.463,4.5053,32.160000000000025,42,0,4.25,DZ,1690392253
401,codrington,-38.2667,141.9667,7.670000000000016,82,77,5.39,AU,1690392253
402,deqen,29.9618,90.7188,10.680000000000007,88,100,1.46,CN,1690392253
403,san antonio de pale,-1.4014,5.6325,23.30000000000001,89,93,5.26,GQ,1690392088
404,darien,41.752,-87.974,29.710000000000036,84,75,7.72,US,1690392255
405,coquimbo,-29.9533,-71.3436,15.850000000000023,77,40,4.12,CL,1690392255
406,tolanaro,-25.0319,46.9987,19.04000000000002,68,40,3.09,MG,1690392255
407,plyeshchanitsy,54.4222,27.8331,18.470000000000027,69,82,1.73,BY,1690392256
408,san fernando,15.0286,120.6898,25.850000000000023,90,100,6.5,PH,1690392256
409,merizo village,13.2658,144.6691,27.310000000000002,96,100,10.18,GU,1690392256
410,pagar alam,-4.0167,103.2667,20.54000000000002,98,92,1.46,ID,1690392257
411,stanthorpe,-28.6667,151.95,8.57000000000005,95,30,2.48,AU,1690392257
412,road town,18.4167,-64.6167,32.05000000000001,83,75,4.12,VG,1690392257
413,grand-bassam,5.2118,-3.7388,27.980000000000018,81,89,3.62,CI,1690392258
414,khandyga,62.6667,135.6,11.420000000000016,85,28,2.64,RU,1690391990
415,rivas-vaciamadrid,40.3261,-3.5109,34.85000000000002,17,0,2.06,ES,1690392258
416,conduaga,8.862,117.4893,26.620000000000005,87,100,4.02,PH,1690391998
417,mahina,-17.5065,-149.489,24.870000000000005,83,75,3.09,PF,1690392259
418,sortavala,61.7053,30.6918,17.03000000000003,83,98,0.84,RU,1690392259
419,el nido,11.1858,119.3956,27.960000000000036,81,100,8.71,PH,1690392259
420,concordia,-31.393,-58.0209,14.32000000000005,84,72,5.36,AR,1690392259
421,westport,41.1415,-73.3579,31.930000000000007,63,0,2.57,US,1690392066
422,greymouth,-42.4667,171.2,8.910000000000025,82,98,9.5,NZ,1690392260
423,trofaiach,47.4167,15.0,16.360000000000014,61,56,2.69,AT,1690392260
424,timbuktu,16.7735,-3.0074,40.03000000000003,21,64,2.87,ML,1690392262
425,newman,37.3138,-121.0208,32.35000000000002,21,2,0.37,US,1690392262
426,paramonga,-10.6667,-77.8333,22.310000000000002,69,61,4.09,PE,1690392264
427,los frentones,-26.4077,-61.4137,18.379999999999995,53,100,4.09,AR,1690392264
428,iiyama,36.85,138.3667,25.470000000000027,89,53,1.43,JP,1690392264
429,marrakesh,31.6315,-8.0083,36.04000000000002,24,0,3.6,MA,1690392253
430,gadzhiyevo,69.2551,33.3362,11.07000000000005,91,98,2.36,RU,1690392265
431,crane,31.3974,-102.3501,32.910000000000025,31,29,7.85,US,1690392031
432,as sulaymaniyah,35.5611,45.4375,31.24000000000001,15,0,4.12,IQ,1690392265
433,braganca,-1.0536,-46.7656,31.160000000000025,58,10,2.64,BR,1690392265
434,rikaze,29.25,88.8833,12.580000000000041,73,100,1.89,CN,1690392265
435,waingapu,-9.6567,120.2641,23.150000000000034,77,38,4.62,ID,1690392266
436,mao,39.8885,4.2658,25.310000000000002,57,20,3.09,ES,1690392266
437,dalbandin,28.8947,64.4101,33.170000000000016,37,83,2.59,PK,1690392266
438,horsham,51.064,-0.3272,18.02000000000004,71,20,4.12,GB,1690392266
439,dolbeau-mistassini,48.8763,-72.212,26.360000000000014,59,66,4.22,CA,1690392266
440,nar'yan-mar,67.6713,53.087,18.860000000000014,76,100,1.44,RU,1690392267
441,katsuren-haebaru,26.3369,127.8719,29.430000000000007,89,100,6.69,JP,1690392267
442,conceicao da barra,-18.5933,-39.7322,23.82000000000005,67,99,2.61,BR,1690392069
443,aykhal,66.0,111.5,15.900000000000034,67,100,3.78,RU,1690392267
444,aksu,41.1231,80.2644,30.230000000000018,25,0,2.12,CN,1690392267
445,bedarieux,43.6155,3.1571,28.170000000000016,44,2,6.78,FR,1690392267
446,pasuquin,18.3328,120.6177,26.340000000000032,95,100,17.78,PH,1690392268
447,fonte boa,-2.4959,-66.2662,35.160000000000025,40,61,0.69,BR,1690392268
448,northam,51.0333,-4.2167,17.590000000000032,97,100,8.04,GB,1690392268
449,avarua,-21.2078,-159.775,19.03000000000003,94,100,1.54,CK,1690392268
450,hefei,31.8639,117.2808,26.010000000000048,94,4,3.0,CN,1690392112
451,candolim,15.5181,73.7626,26.0,94,100,3.09,IN,1690392268
452,lotoshino,56.2267,35.6414,16.590000000000032,93,70,4.01,RU,1690392269
453,callao,-12.0667,-77.15,23.180000000000007,68,100,2.06,PE,1690392030
454,ilhabela,-23.7781,-45.3581,26.30000000000001,54,11,2.47,BR,1690392269
455,broome,42.2506,-75.833,30.390000000000043,58,20,2.57,US,1690392269
456,dogonbadan,30.3586,50.7981,35.05000000000001,34,0,4.12,IR,1690392269
457,pisco,-13.7,-76.2167,21.03000000000003,68,100,3.09,PE,1690392270
458,vila franca do campo,37.7167,-25.4333,25.230000000000018,66,60,1.08,PT,1690392270
459,barcelos,41.5388,-8.6151,32.73000000000002,54,3,5.97,PT,1690392270
460,montepuez,-13.1256,38.9997,21.360000000000014,38,1,1.91,MZ,1690392270
461,fisterra,42.9049,-9.2629,26.53000000000003,82,3,9.2,ES,1690392270
462,north bend,43.4065,-124.2243,21.25,68,0,5.14,US,1690392271
463,ar ruways,24.1103,52.7306,34.360000000000014,62,65,3.95,AE,1690392271
464,flying fish cove,-10.4217,105.6791,24.82000000000005,94,100,3.6,CX,1690392122
465,prado,-17.3411,-39.2208,24.680000000000007,64,18,3.48,BR,1690392271
466,inari,68.906,27.0288,16.110000000000014,78,100,1.57,FI,1690392271
467,nikolayevsk-on-amure,53.1406,140.73,18.33000000000004,98,100,1.66,RU,1690392271
468,peel,-33.3167,149.6333,2.5100000000000477,85,0,0.95,AU,1690392271
469,labrador city,52.9463,-66.9114,19.950000000000045,56,75,4.12,CA,1690392272
470,abepura,-2.6333,140.5833,24.450000000000045,83,20,0.0,ID,1690392272
471,ambon,-3.6954,128.1814,27.150000000000034,95,40,2.57,ID,1690392272
472,aral,40.5156,81.2636,31.55000000000001,23,1,1.66,CN,1690392272
473,ellsworth,44.5434,-68.4195,30.640000000000043,72,0,4.63,US,1690392272
474,brak,27.5496,14.2714,41.610000000000014,5,0,4.71,LY,1690392273
475,jayapura,-2.5333,140.7,24.660000000000025,90,99,2.67,ID,1690392273
476,rathenow,52.6066,12.337,19.5,56,89,3.7,DE,1690392273
477,otra banda,18.6502,-68.6628,32.710000000000036,63,95,6.93,DO,1690392273
478,flin flon,54.7682,-101.865,12.910000000000025,94,100,5.66,CA,1690392273
479,kourou,5.1552,-52.6478,26.03000000000003,67,14,3.34,GF,1690392274
480,xinpu,34.5997,119.1594,23.57000000000005,96,95,1.56,CN,1690392274
481,kununurra,-15.7667,128.7333,10.990000000000009,87,7,0.0,AU,1690392192
482,urucara,-2.5364,-57.76,36.83000000000004,28,2,2.46,BR,1690392274
483,waiuku,-37.25,174.75,11.480000000000018,72,21,4.23,NZ,1690392275
484,finote selam,10.7,37.2667,15.650000000000034,94,100,0.96,ET,1690392275
485,mammoth lakes,37.6485,-118.9721,23.52000000000004,23,0,2.06,US,1690392275
486,mashhad,36.297,59.6062,31.08000000000004,35,0,3.09,IR,1690392275
487,nadym,65.5333,72.5167,21.220000000000027,69,48,3.55,RU,1690392275
488,sheldon,43.1811,-95.8561,31.120000000000005,79,0,0.0,US,1690392276
489,inirida,3.8653,-67.9239,30.170000000000016,61,86,0.97,CO,1690392276
490,saint-felicien,48.6501,-72.4491,26.379999999999995,53,75,4.12,CA,1690392276
491,ulladulla,-35.35,150.4667,8.610000000000014,80,10,1.95,AU,1690392276
492,palmas,-10.2128,-48.3603,33.93000000000001,24,0,2.57,BR,1690392276
493,nieuw amsterdam,5.8833,-55.0833,29.810000000000002,66,21,4.49,SR,1690392276
494,pariaman,-0.619,100.12,25.03000000000003,86,86,1.94,ID,1690392068
495,krasnoshchekovo,51.6708,82.7289,20.57000000000005,43,100,2.69,RU,1690392277
496,griffith,41.5284,-87.4237,29.060000000000002,79,0,5.14,US,1690392277
497,nova vicosa,-17.8919,-39.3719,24.689999999999998,63,27,3.88,BR,1690392278
498,bang saphan,11.2126,99.5117,26.58000000000004,85,74,2.89,TH,1690392278
499,oppdal,62.5943,9.6912,15.700000000000045,67,98,1.39,NO,1690392142
500,edd,13.9297,41.6925,33.700000000000045,64,10,3.11,ER,1690392279
501,inskoy,54.4297,86.44,17.060000000000002,71,48,2.03,RU,1690392279
502,saint-francois,46.4154,3.9054,24.689999999999998,38,0,1.54,FR,1690392279
503,odda,60.0691,6.5457,19.32000000000005,76,93,1.8,NO,1690392285
504,calvinia,-31.4707,19.776,8.379999999999995,86,63,2.3,ZA,1690392285
505,marsh harbour,26.5412,-77.0636,29.670000000000016,71,100,6.99,BS,1690392126
506,richards bay,-28.783,32.0377,19.350000000000023,75,66,7.48,ZA,1690392285
507,bosaso,11.2842,49.1816,34.629999999999995,41,4,6.86,SO,1690392286
508,san gabriel,34.0961,-118.1058,37.32000000000005,45,0,0.45,US,1690392176
509,vershino-darasunskiy,52.35,115.5167,13.330000000000041,98,100,0.58,RU,1690392286
510,kobryn,52.2138,24.3564,16.970000000000027,74,100,3.13,BY,1690392286
511,floro,61.5996,5.0328,17.980000000000018,77,40,4.12,NO,1690392287
512,partizansk,43.1258,133.1339,21.810000000000002,95,99,0.83,RU,1690392287
513,kaliningrad,54.7065,20.511,18.03000000000003,60,100,4.6,RU,1690392287
514,elamanchili,17.55,82.8667,26.120000000000005,92,100,7.41,IN,1690392287
515,santa marinella,42.0345,11.8536,30.160000000000025,69,29,7.46,IT,1690392287
516,rudnichnyy,59.617,52.4703,16.420000000000016,69,83,1.44,RU,1690392287
517,solleftea,63.1667,17.2667,18.920000000000016,65,88,1.41,SE,1690392288
518,esikhaleni,-28.871,31.8996,20.090000000000032,68,62,8.09,ZA,1690392288
519,sao jose da coroa grande,-8.8978,-35.1478,26.560000000000002,65,22,4.07,BR,1690392288
520,belmonte,-15.8631,-38.8828,25.32000000000005,64,78,3.45,BR,1690392288
521,trairi,-3.2778,-39.2689,30.74000000000001,50,7,7.54,BR,1690392051
522,cannonvale,-20.2833,148.7,19.660000000000025,72,36,9.42,AU,1690392289
523,noumea,-22.2763,166.4572,20.0,99,100,5.18,NC,1690392017
524,rabo de peixe,37.8,-25.5833,24.730000000000018,69,20,2.57,PT,1690392289
525,kasama,-10.2129,31.1808,17.52000000000004,42,2,2.55,ZM,1690392289
526,hasaki,35.7333,140.8333,26.28000000000003,87,28,3.46,JP,1690392290
527,rio grande,-32.035,-52.0986,18.060000000000002,88,100,7.99,BR,1690392256
528,rawai,7.7797,98.3253,30.55000000000001,72,99,7.08,TH,1690392290
529,kapa'a,22.0752,-159.319,26.180000000000007,89,100,4.63,US,1690392290
530,mermoz boabab,14.7065,-17.4758,31.310000000000002,79,0,2.06,SN,1690392290
531,mount gambier,-37.8333,140.7667,7.310000000000002,85,36,4.05,AU,1690392290
532,shakhun'ya,57.6758,46.6114,20.08000000000004,92,98,4.22,RU,1690392291
533,kutum,14.2,24.6667,31.260000000000048,30,98,7.25,SD,1690392291
534,nishinoomote,30.7333,131.0,27.55000000000001,86,86,4.71,JP,1690392291
535,pokrovsk,48.282,37.1758,24.420000000000016,51,3,4.36,UA,1690392292
536,hohhot,40.8106,111.6522,20.160000000000025,77,0,2.0,CN,1690392292
537,bay roberts,47.5999,-53.2648,30.360000000000014,50,70,5.36,CA,1690392292
538,illizi,26.4833,8.4667,42.89000000000004,6,7,6.45,DZ,1690392292
539,karratha,-20.7377,116.8463,20.470000000000027,66,97,2.2,AU,1690392293
540,rondonopolis,-16.4708,-54.6356,36.58000000000004,16,0,0.54,BR,1690392040
541,loukhi,66.0764,33.0381,16.760000000000048,78,84,0.96,RU,1690392293
542,salalah,17.0151,54.0924,26.05000000000001,89,100,4.12,OM,1690391995
543,moron,-34.6534,-58.6198,15.0,68,29,9.39,AR,1690392275
544,thika,-1.0333,37.0693,18.760000000000048,49,93,1.44,KE,1690392293
545,midvagur,62.0511,-7.1939,12.460000000000036,71,75,3.09,FO,1690392293
546,luau,-10.7073,22.2247,24.120000000000005,23,1,1.01,AO,1690392293
547,alvorada,-12.48,-49.1247,35.120000000000005,17,28,2.9,BR,1690392294
548,khandud,36.9513,72.318,21.410000000000025,28,59,3.13,AF,1690392294
549,belel,7.05,14.4333,18.090000000000032,96,100,0.54,CM,1690392294
550,barah,13.7,30.3667,27.689999999999998,62,100,6.3,SD,1690392294
551,egilsstadir,65.2653,-14.3948,8.950000000000045,76,75,6.17,IS,1690392294
552,kirensk,57.7853,108.1119,16.610000000000014,94,88,0.1,RU,1690392294
553,berane,42.8467,19.8825,18.5,86,86,1.79,ME,1690392295
554,tisul',55.7611,88.3122,18.140000000000043,73,59,2.28,RU,1690392295
555,taoudenni,22.6783,-3.9836,47.19,6,0,4.08,ML,1690392076
556,el porvenir,13.7617,-87.3458,28.629999999999995,41,29,2.63,HN,1690392295
557,barentu,15.1139,37.5928,27.710000000000036,55,67,6.13,ER,1690392296
558,malpica,43.3228,-8.8105,21.090000000000032,88,31,3.66,ES,1690392296
559,zeya,53.75,127.2667,18.150000000000034,66,12,1.45,RU,1690392297
560,maua,-23.6678,-46.4614,28.210000000000036,43,63,3.32,BR,1690392297
561,kruisfontein,-34.0033,24.7314,13.82000000000005,58,96,1.48,ZA,1690392297
562,okondja,-0.6549,13.6753,28.55000000000001,58,83,1.15,GA,1690392297
563,ilorin,8.5,4.55,29.200000000000045,74,20,4.63,NG,1690392297
